trials_2.thisTrialN,trials_2.stepSize,trials_2.intensity,thisRow.t,notes,piloting,Instruction.started,text.started,key_resp_2.started,Instruction.stopped,key_resp_2.keys,key_resp_2.rt,key_resp_2.duration,trial.started,fixation.started,fixation.stopped,grating.started,key_resp.started,trial.stopped,corr_resp,tut,key_resp_corr,trials_2.response,key_resp.rt,Thank_you.started,text_2.started,text_2.stopped,Thank_you.stopped,participant,session,date,expName,expVersion,psychopyVersion,frameRate,expStart,
,,,,,False,0.0017370004206895828,0.0046699997037649155,0.0046699997037649155,6.652168500237167,space,6.631070099771023,None,,,,,,,,,,,,,,,,01,001,2026-09-10_11h19.15.247,AdaptiveStarecase,,2026.2.3,59.96670634282191,2026-09-10 11h19.15.407565 +0530,
0,2,10,6.657329499721527,,,,,,,,,,6.652688100002706,6.657329499721527,7.1652389001101255,7.1652389001101255,7.1652389001101255,8.457841800525784,left,-10,1,1,1.2755126003175974,,,,,01,001,2026-09-10_11h19.15.247,AdaptiveStarecase,,2026.2.3,59.96670634282191,2026-09-10 11h19.15.407565 +0530,
1,2,8,8.474213999696076,,,,,,,,,,8.45800350047648,8.474213999696076,8.957347700372338,8.957347700372338,8.957347700372338,9.55753290001303,right,8,1,1,0.5915986001491547,,,,,01,001,2026-09-10_11h19.15.247,AdaptiveStarecase,,2026.2.3,59.96670634282191,2026-09-10 11h19.15.407565 +0530,
2,2,6,9.57388470042497,,,,,,,,,,9.557651200331748,9.57388470042497,10.057322099804878,10.057322099804878,10.057322099804878,10.59086239989847,left,-6,1,1,0.5230411998927593,,,,,01,001,2026-09-10_11h19.15.247,AdaptiveStarecase,,2026.2.3,59.96670634282191,2026-09-10 11h19.15.407565 +0530,
3,2,4,10.607229500077665,,,,,,,,,,10.591032699681818,10.607229500077665,11.090823600068688,11.090823600068688,11.090823600068688,11.740815499797463,left,-4,1,1,0.6455939998850226,,,,,01,001,2026-09-10_11h19.15.247,AdaptiveStarecase,,2026.2.3,59.96670634282191,2026-09-10 11h19.15.407565 +0530,
4,1,2,11.757207700051367,,,,,,,,,,11.74098480027169,11.757207700051367,12.240486100316048,12.240486100316048,12.240486100316048,12.774309700354934,left,-2,0,0,0.5266140997409821,,,,,01,001,2026-09-10_11h19.15.247,AdaptiveStarecase,,2026.2.3,59.96670634282191,2026-09-10 11h19.15.407565 +0530,
5,1,3,12.79047179967165,,,,,,,,,,12.774475100450218,12.79047179967165,13.273913600482047,13.273913600482047,13.273913600482047,13.907460100017488,left,-3,1,1,0.6295680003240705,,,,,01,001,2026-09-10_11h19.15.247,AdaptiveStarecase,,2026.2.3,59.96670634282191,2026-09-10 11h19.15.407565 +0530,
6,1,3,13.923745700158179,,,,,,,,,,13.907643999904394,13.923745700158179,14.407054400071502,14.407054400071502,14.407054400071502,15.007426000200212,left,-3,1,1,0.5974596999585629,,,,,01,001,2026-09-10_11h19.15.247,AdaptiveStarecase,,2026.2.3,59.96670634282191,2026-09-10 11h19.15.407565 +0530,
7,1,3,15.02367000002414,,,,,,,,,,15.007605300284922,15.02367000002414,15.507184499874711,15.507184499874711,15.507184499874711,16.007172199897468,right,3,1,1,0.49801709968596697,,,,,01,001,2026-09-10_11h19.15.247,AdaptiveStarecase,,2026.2.3,59.96670634282191,2026-09-10 11h19.15.407565 +0530,
8,1,2,16.023624000139534,,,,,,,,,,16.00732250045985,16.023624000139534,16.50715809967369,16.50715809967369,16.50715809967369,17.340761500410736,left,-2,1,1,0.8304472994059324,,,,,01,001,2026-09-10_11h19.15.247,AdaptiveStarecase,,2026.2.3,59.96670634282191,2026-09-10 11h19.15.407565 +0530,
9,1,2,17.356962899677455,,,,,,,,,,17.340938900597394,17.356962899677455,17.84008890017867,17.84008890017867,17.84008890017867,18.373850599862635,left,-2,1,1,0.5181052992120385,,,,,01,001,2026-09-10_11h19.15.247,AdaptiveStarecase,,2026.2.3,59.96670634282191,2026-09-10 11h19.15.407565 +0530,
10,1,2,18.390089300461113,,,,,,,,,,18.37399199977517,18.390089300461113,18.873526900075376,18.873526900075376,18.873526900075376,19.357189999893308,right,2,1,1,0.47535649966448545,,,,,01,001,2026-09-10_11h19.15.247,AdaptiveStarecase,,2026.2.3,59.96670634282191,2026-09-10 11h19.15.407565 +0530,
11,1,1,19.37351020053029,,,,,,,,,,19.357378500513732,19.37351020053029,19.8568953005597,19.8568953005597,19.8568953005597,20.39033060055226,left,-1,1,1,0.5277313003316522,,,,,01,001,2026-09-10_11h19.15.247,AdaptiveStarecase,,2026.2.3,59.96670634282191,2026-09-10 11h19.15.407565 +0530,
12,1,1,20.406785300001502,,,,,,,,,,20.390471399761736,20.406785300001502,20.889910800382495,20.889910800382495,20.889910800382495,21.54015289992094,right,1,1,1,0.6469780998304486,,,,,01,001,2026-09-10_11h19.15.247,AdaptiveStarecase,,2026.2.3,59.96670634282191,2026-09-10 11h19.15.407565 +0530,
13,1,1,21.556825200095773,,,,,,,,,,21.540284699760377,21.556825200095773,22.03999730013311,22.03999730013311,22.03999730013311,22.59020210057497,right,1,1,1,0.5420872000977397,,,,,01,001,2026-09-10_11h19.15.247,AdaptiveStarecase,,2026.2.3,59.96670634282191,2026-09-10 11h19.15.407565 +0530,
14,0.5,1,22.606841700151563,,,,,,,,,,22.590347199700773,22.606841700151563,23.08989359997213,23.08989359997213,23.08989359997213,23.606871699914336,left,-1,0,0,0.5135051999241114,,,,,01,001,2026-09-10_11h19.15.247,AdaptiveStarecase,,2026.2.3,59.96670634282191,2026-09-10 11h19.15.407565 +0530,
15,0.5,1.5,23.623309399932623,,,,,,,,,,23.606985400430858,23.623309399932623,24.106754099950194,24.106754099950194,24.106754099950194,24.840021500363946,left,-1.5,1,1,0.7230970002710819,,,,,01,001,2026-09-10_11h19.15.247,AdaptiveStarecase,,2026.2.3,59.96670634282191,2026-09-10 11h19.15.407565 +0530,
16,0.5,1.5,24.856593100354075,,,,,,,,,,24.84012799989432,24.856593100354075,25.339855999685824,25.339855999685824,25.339855999685824,25.807026100344956,left,-1.5,1,1,0.46026269998401403,,,,,01,001,2026-09-10_11h19.15.247,AdaptiveStarecase,,2026.2.3,59.96670634282191,2026-09-10 11h19.15.407565 +0530,
17,0.5,1.5,25.823052000254393,,,,,,,,,,25.807234699837863,25.823052000254393,26.30671980045736,26.30671980045736,26.30671980045736,26.856716600246727,right,1.5,1,1,0.5338153997436166,,,,,01,001,2026-09-10_11h19.15.247,AdaptiveStarecase,,2026.2.3,59.96670634282191,2026-09-10 11h19.15.407565 +0530,
18,0.5,1.0,26.873069999739528,,,,,,,,,,26.856879900209606,26.873069999739528,27.356480300426483,27.356480300426483,27.356480300426483,27.9567491998896,right,1.0,1,1,0.5962214004248381,,,,,01,001,2026-09-10_11h19.15.247,AdaptiveStarecase,,2026.2.3,59.96670634282191,2026-09-10 11h19.15.407565 +0530,
19,0.5,1.0,27.97307030018419,,,,,,,,,,27.95690380036831,27.97307030018419,28.456617400050163,28.456617400050163,28.456617400050163,29.190149599686265,left,-1.0,1,1,0.7228235993534327,,,,,01,001,2026-09-10_11h19.15.247,AdaptiveStarecase,,2026.2.3,59.96670634282191,2026-09-10 11h19.15.407565 +0530,
20,0.5,1.0,29.206171300262213,,,,,,,,,,29.190349800512195,29.206171300262213,29.68932479992509,29.68932479992509,29.68932479992509,30.289649699814618,right,1.0,1,1,0.5855487994849682,,,,,01,001,2026-09-10_11h19.15.247,AdaptiveStarecase,,2026.2.3,59.96670634282191,2026-09-10 11h19.15.407565 +0530,
21,0.5,1,30.306098099797964,,,,,,,,,,30.289838099852204,30.306098099797964,30.789588199928403,30.789588199928403,30.789588199928403,31.273395400494337,right,1,1,1,0.47573660034686327,,,,,01,001,2026-09-10_11h19.15.247,AdaptiveStarecase,,2026.2.3,59.96670634282191,2026-09-10 11h19.15.407565 +0530,
22,0.5,1,31.289530999958515,,,,,,,,,,31.273656600154936,31.289530999958515,31.77292780019343,31.77292780019343,31.77292780019343,32.20707400050014,right,1,1,1,0.4174880003556609,,,,,01,001,2026-09-10_11h19.15.247,AdaptiveStarecase,,2026.2.3,59.96670634282191,2026-09-10 11h19.15.407565 +0530,
23,0.5,1,32.222932300530374,,,,,,,,,,32.20738780032843,32.222932300530374,32.722830899991095,32.722830899991095,32.722830899991095,33.27313129976392,right,1,1,1,0.5336074000224471,,,,,01,001,2026-09-10_11h19.15.247,AdaptiveStarecase,,2026.2.3,59.96670634282191,2026-09-10 11h19.15.407565 +0530,
24,0.5,1,33.28948220051825,,,,,,,,,,33.27325600013137,33.28948220051825,33.772776500321925,33.772776500321925,33.772776500321925,34.256405300460756,left,-1,0,0,0.4691962003707886,,,,,01,001,2026-09-10_11h19.15.247,AdaptiveStarecase,,2026.2.3,59.96670634282191,2026-09-10 11h19.15.407565 +0530,
25,0.5,1.5,34.27276919968426,,,,,,,,,,34.25654220022261,34.27276919968426,34.75616780016571,34.75616780016571,34.75616780016571,35.273112900555134,left,-1.5,0,0,0.5113837998360395,,,,,01,001,2026-09-10_11h19.15.247,AdaptiveStarecase,,2026.2.3,59.96670634282191,2026-09-10 11h19.15.407565 +0530,
26,0.5,2.0,35.289437900297344,,,,,,,,,,35.273305299691856,35.289437900297344,35.77273999992758,35.77273999992758,35.77273999992758,36.273247100412846,left,-2.0,1,1,0.48526469990611076,,,,,01,001,2026-09-10_11h19.15.247,AdaptiveStarecase,,2026.2.3,59.96670634282191,2026-09-10 11h19.15.407565 +0530,
27,0.5,2.0,36.28922670055181,,,,,,,,,,36.27341440040618,36.28922670055181,36.77263300027698,36.77263300027698,36.77263300027698,37.18961689993739,left,-2.0,1,1,0.40098190028220415,,,,,01,001,2026-09-10_11h19.15.247,AdaptiveStarecase,,2026.2.3,59.96670634282191,2026-09-10 11h19.15.407565 +0530,
28,0.5,2.0,37.20610290020704,,,,,,,,,,37.18977969978005,37.20610290020704,37.68911529984325,37.68911529984325,37.68911529984325,38.18951509986073,right,2.0,1,1,0.4897867999970913,,,,,01,001,2026-09-10_11h19.15.247,AdaptiveStarecase,,2026.2.3,59.96670634282191,2026-09-10 11h19.15.407565 +0530,
29,0.5,1.5,38.20607119984925,,,,,,,,,,38.189690300263464,38.20607119984925,38.689153300598264,38.689153300598264,38.689153300598264,39.123144400306046,left,-1.5,1,1,0.43032920081168413,,,,,01,001,2026-09-10_11h19.15.247,AdaptiveStarecase,,2026.2.3,59.96670634282191,2026-09-10 11h19.15.407565 +0530,
30,0.5,1.5,39.139175900258124,,,,,,,,,,39.12335589993745,39.139175900258124,39.62259449996054,39.62259449996054,39.62259449996054,40.28937659971416,right,1.5,1,1,0.663519199937582,,,,,01,001,2026-09-10_11h19.15.247,AdaptiveStarecase,,2026.2.3,59.96670634282191,2026-09-10 11h19.15.407565 +0530,
31,0.5,1.5,40.305794100277126,,,,,,,,,,40.28955749981105,40.305794100277126,40.7891092998907,40.7891092998907,40.7891092998907,41.32288230024278,right,1.5,1,1,0.5299535999074578,,,,,01,001,2026-09-10_11h19.15.247,AdaptiveStarecase,,2026.2.3,59.96670634282191,2026-09-10 11h19.15.407565 +0530,
32,0.5,1.0,41.33891610056162,,,,,,,,,,41.32306780014187,41.33891610056162,41.822449900209904,41.822449900209904,41.822449900209904,42.55616519972682,left,-1.0,0,0,0.7312850002199411,,,,,01,001,2026-09-10_11h19.15.247,AdaptiveStarecase,,2026.2.3,59.96670634282191,2026-09-10 11h19.15.407565 +0530,
33,0.5,1.5,42.572272500023246,,,,,,,,,,42.556362399831414,42.572272500023246,43.05560309998691,43.05560309998691,43.05560309998691,43.606033800169826,left,-1.5,1,1,0.5335071003064513,,,,,01,001,2026-09-10_11h19.15.247,AdaptiveStarecase,,2026.2.3,59.96670634282191,2026-09-10 11h19.15.407565 +0530,
34,0.5,1.5,43.62225070036948,,,,,,,,,,43.60623509995639,43.62225070036948,44.10564010031521,44.10564010031521,44.10564010031521,44.67244299966842,right,1.5,1,1,0.5648493003100157,,,,,01,001,2026-09-10_11h19.15.247,AdaptiveStarecase,,2026.2.3,59.96670634282191,2026-09-10 11h19.15.407565 +0530,
35,0.5,1.5,44.68885760009289,,,,,,,,,,44.6725511001423,44.68885760009289,45.17227200046182,45.17227200046182,45.17227200046182,45.67260480020195,right,1.5,1,1,0.49387350026518106,,,,,01,001,2026-09-10_11h19.15.247,AdaptiveStarecase,,2026.2.3,59.96670634282191,2026-09-10 11h19.15.407565 +0530,
36,0.5,1.0,45.68874809984118,,,,,,,,,,45.672757799737155,45.68874809984118,46.172178599983454,46.172178599983454,46.172178599983454,46.80585759971291,left,-1.0,1,1,0.6298094997182488,,,,,01,001,2026-09-10_11h19.15.247,AdaptiveStarecase,,2026.2.3,59.96670634282191,2026-09-10 11h19.15.407565 +0530,
37,0.5,1.0,46.82223690021783,,,,,,,,,,46.80597910005599,46.82223690021783,47.305628900416195,47.305628900416195,47.305628900416195,47.78914249967784,right,1.0,1,1,0.4824922000989318,,,,,01,001,2026-09-10_11h19.15.247,AdaptiveStarecase,,2026.2.3,59.96670634282191,2026-09-10 11h19.15.407565 +0530,
38,0.5,1.0,47.80538049992174,,,,,,,,,,47.789309199899435,47.80538049992174,48.28867220040411,48.28867220040411,48.28867220040411,48.90552220027894,left,-1.0,1,1,0.6149653997272253,,,,,01,001,2026-09-10_11h19.15.247,AdaptiveStarecase,,2026.2.3,59.96670634282191,2026-09-10 11h19.15.407565 +0530,
39,0.5,1,48.92202190030366,,,,,,,,,,48.905677700415254,48.92202190030366,49.40526179969311,49.40526179969311,49.40526179969311,49.95590949989855,right,1,1,1,0.5392437996342778,,,,,01,001,2026-09-10_11h19.15.247,AdaptiveStarecase,,2026.2.3,59.96670634282191,2026-09-10 11h19.15.407565 +0530,
40,0.5,1,49.97199200000614,,,,,,,,,,49.956122799776495,49.97199200000614,50.45539840031415,50.45539840031415,50.45539840031415,51.07222629990429,left,-1,1,1,0.6003246000036597,,,,,01,001,2026-09-10_11h19.15.247,AdaptiveStarecase,,2026.2.3,59.96670634282191,2026-09-10 11h19.15.407565 +0530,
41,0.5,1,51.08850339986384,,,,,,,,,,51.07238860055804,51.08850339986384,51.57196500059217,51.57196500059217,51.57196500059217,52.10559849999845,right,1,1,1,0.5200188998132944,,,,,01,001,2026-09-10_11h19.15.247,AdaptiveStarecase,,2026.2.3,59.96670634282191,2026-09-10 11h19.15.407565 +0530,
42,0.5,1,52.12194299977273,,,,,,,,,,52.1057687997818,52.12194299977273,52.60521419998258,52.60521419998258,52.60521419998258,53.12230950035155,right,1,1,1,0.5019348999485373,,,,,01,001,2026-09-10_11h19.15.247,AdaptiveStarecase,,2026.2.3,59.96670634282191,2026-09-10 11h19.15.407565 +0530,
43,0.5,1,53.13846349995583,,,,,,,,,,53.122433700598776,53.13846349995583,53.62191540002823,53.62191540002823,53.62191540002823,54.43874320015311,right,1,0,0,0.812508299946785,,,,,01,001,2026-09-10_11h19.15.247,AdaptiveStarecase,,2026.2.3,59.96670634282191,2026-09-10 11h19.15.407565 +0530,
44,0.5,1.5,54.45517269987613,,,,,,,,,,54.43891790043563,54.45517269987613,54.938334099948406,54.938334099948406,54.938334099948406,55.67259639967233,left,-1.5,1,1,0.7230674000456929,,,,,01,001,2026-09-10_11h19.15.247,AdaptiveStarecase,,2026.2.3,59.96670634282191,2026-09-10 11h19.15.407565 +0530,
45,0.5,1.5,55.688376899808645,,,,,,,,,,55.67279690038413,55.688376899808645,56.17159450054169,56.17159450054169,56.17159450054169,56.688414100557566,left,-1.5,1,1,0.510479899123311,,,,,01,001,2026-09-10_11h19.15.247,AdaptiveStarecase,,2026.2.3,59.96670634282191,2026-09-10 11h19.15.407565 +0530,
46,0.5,1.5,56.70494790002704,,,,,,,,,,56.68858950026333,56.70494790002704,57.18830880057067,57.18830880057067,57.18830880057067,57.805332199670374,left,-1.5,1,1,0.6148651000112295,,,,,01,001,2026-09-10_11h19.15.247,AdaptiveStarecase,,2026.2.3,59.96670634282191,2026-09-10 11h19.15.407565 +0530,
47,0.5,1.0,57.821591899730265,,,,,,,,,,57.80552970059216,57.821591899730265,58.3050218001008,58.3050218001008,58.3050218001008,58.805126500315964,left,-1.0,1,1,0.49916219990700483,,,,,01,001,2026-09-10_11h19.15.247,AdaptiveStarecase,,2026.2.3,59.96670634282191,2026-09-10 11h19.15.407565 +0530,
48,0.5,1.0,58.821485600434244,,,,,,,,,,58.805273700505495,58.821485600434244,59.30486120004207,59.30486120004207,59.30486120004207,60.15532010048628,left,-1.0,1,1,0.8414978999644518,,,,,01,001,2026-09-10_11h19.15.247,AdaptiveStarecase,,2026.2.3,59.96670634282191,2026-09-10 11h19.15.407565 +0530,
49,0.5,1.0,60.17149250023067,,,,,,,,,,60.155507599934936,60.17149250023067,60.654830399900675,60.654830399900675,60.654830399900675,61.27180750016123,right,1.0,1,1,0.6028538998216391,,,,,01,001,2026-09-10_11h19.15.247,AdaptiveStarecase,,2026.2.3,59.96670634282191,2026-09-10 11h19.15.407565 +0530,
50,0.5,1,61.28802479989827,,,,,,,,,,61.27196800056845,61.28802479989827,61.77152269985527,61.77152269985527,61.77152269985527,62.33835680037737,right,1,1,1,0.552114199846983,,,,,01,001,2026-09-10_11h19.15.247,AdaptiveStarecase,,2026.2.3,59.96670634282191,2026-09-10 11h19.15.407565 +0530,
51,0.5,1,62.35468580015004,,,,,,,,,,62.33849250059575,62.35468580015004,62.83803039975464,62.83803039975464,62.83803039975464,63.38842140045017,right,1,1,1,0.5413617007434368,,,,,01,001,2026-09-10_11h19.15.247,AdaptiveStarecase,,2026.2.3,59.96670634282191,2026-09-10 11h19.15.407565 +0530,
52,0.5,1,63.404764000326395,,,,,,,,,,63.38861500006169,63.404764000326395,63.88790940027684,63.88790940027684,63.88790940027684,64.50499620009214,left,-1,1,1,0.6026568002998829,,,,,01,001,2026-09-10_11h19.15.247,AdaptiveStarecase,,2026.2.3,59.96670634282191,2026-09-10 11h19.15.407565 +0530,
53,0.5,1,64.52124710008502,,,,,,,,,,64.50514409970492,64.52124710008502,65.00463679991663,65.00463679991663,65.00463679991663,66.00504370033741,left,-1,1,1,0.9849076997488737,,,,,01,001,2026-09-10_11h19.15.247,AdaptiveStarecase,,2026.2.3,59.96670634282191,2026-09-10 11h19.15.407565 +0530,
54,0.5,1,66.02123889978975,,,,,,,,,,66.0051560997963,66.02123889978975,66.50465440005064,66.50465440005064,66.50465440005064,67.05501940008253,right,1,1,1,0.5351996999233961,,,,,01,001,2026-09-10_11h19.15.247,AdaptiveStarecase,,2026.2.3,59.96670634282191,2026-09-10 11h19.15.407565 +0530,
55,0.5,1,67.07129850052297,,,,,,,,,,67.0551968999207,67.07129850052297,67.55450229998678,67.55450229998678,67.55450229998678,68.43822440039366,right,1,1,1,0.8832529000937939,,,,,01,001,2026-09-10_11h19.15.247,AdaptiveStarecase,,2026.2.3,59.96670634282191,2026-09-10 11h19.15.407565 +0530,
56,0.5,1,68.45439380034804,,,,,,,,,,68.4384251004085,68.45439380034804,68.9376897001639,68.9376897001639,68.9376897001639,69.5379359005019,right,1,1,1,0.5860813995823264,,,,,01,001,2026-09-10_11h19.15.247,AdaptiveStarecase,,2026.2.3,59.96670634282191,2026-09-10 11h19.15.407565 +0530,
57,0.5,1,69.55442139972001,,,,,,,,,,69.53805680014193,69.55442139972001,70.03763919975609,70.03763919975609,70.03763919975609,70.4548503998667,right,1,1,1,0.40107079967856407,,,,,01,001,2026-09-10_11h19.15.247,AdaptiveStarecase,,2026.2.3,59.96670634282191,2026-09-10 11h19.15.407565 +0530,
58,0.5,1,70.47087060008198,,,,,,,,,,70.45503559987992,70.47087060008198,70.95437800046057,70.95437800046057,70.95437800046057,71.45469569973648,left,-1,1,1,0.4950003996491432,,,,,01,001,2026-09-10_11h19.15.247,AdaptiveStarecase,,2026.2.3,59.96670634282191,2026-09-10 11h19.15.407565 +0530,
59,0.5,1,71.47099340055138,,,,,,,,,,71.45484929997474,71.47099340055138,71.95447690039873,71.95447690039873,71.95447690039873,72.38791420031339,right,1,1,1,0.4206640999764204,,,,,01,001,2026-09-10_11h19.15.247,AdaptiveStarecase,,2026.2.3,59.96670634282191,2026-09-10 11h19.15.407565 +0530,
60,0.5,1,72.40437950007617,,,,,,,,,,72.3880714001134,72.40437950007617,72.88746319990605,72.88746319990605,72.88746319990605,73.48794940020889,left,-1,1,1,0.5936976000666618,,,,,01,001,2026-09-10_11h19.15.247,AdaptiveStarecase,,2026.2.3,59.96670634282191,2026-09-10 11h19.15.407565 +0530,
61,0.5,1,73.50423919968307,,,,,,,,,,73.48812260013074,73.50423919968307,73.9875194998458,73.9875194998458,73.9875194998458,74.471027799882,left,-1,1,1,0.47862759977579117,,,,,01,001,2026-09-10_11h19.15.247,AdaptiveStarecase,,2026.2.3,59.96670634282191,2026-09-10 11h19.15.407565 +0530,
62,0.5,1,74.48742530029267,,,,,,,,,,74.47115380037576,74.48742530029267,74.97094359993935,74.97094359993935,74.97094359993935,75.73754969984293,right,1,1,1,0.7626574002206326,,,,,01,001,2026-09-10_11h19.15.247,AdaptiveStarecase,,2026.2.3,59.96670634282191,2026-09-10 11h19.15.407565 +0530,
63,0.5,1,75.75427880045027,,,,,,,,,,75.73769730050117,75.75427880045027,76.23746819980443,76.23746819980443,76.23746819980443,76.80433479975909,right,1,1,1,0.5520989000797272,,,,,01,001,2026-09-10_11h19.15.247,AdaptiveStarecase,,2026.2.3,59.96670634282191,2026-09-10 11h19.15.407565 +0530,
64,0.5,1,76.82053110003471,,,,,,,,,,76.80449840053916,76.82053110003471,77.30411100015044,77.30411100015044,77.30411100015044,77.90434559993446,right,1,1,1,0.596242199651897,,,,,01,001,2026-09-10_11h19.15.247,AdaptiveStarecase,,2026.2.3,59.96670634282191,2026-09-10 11h19.15.407565 +0530,
65,0.5,1,77.92058819998056,,,,,,,,,,77.90453610010445,77.92058819998056,78.40403799992055,78.40403799992055,78.40403799992055,78.87103089969605,left,-1,1,1,0.46658920031040907,,,,,01,001,2026-09-10_11h19.15.247,AdaptiveStarecase,,2026.2.3,59.96670634282191,2026-09-10 11h19.15.407565 +0530,
66,0.5,1,78.88704709988087,,,,,,,,,,78.87115920055658,78.88704709988087,79.37045970000327,79.37045970000327,79.37045970000327,79.83748960029334,right,1,1,1,0.4651929996907711,,,,,01,001,2026-09-10_11h19.15.247,AdaptiveStarecase,,2026.2.3,59.96670634282191,2026-09-10 11h19.15.407565 +0530,
67,0.5,1,79.85386070050299,,,,,,,,,,79.8376173004508,79.85386070050299,80.33724500052631,80.33724500052631,80.33724500052631,80.80441899970174,right,1,1,1,0.45384829957038164,,,,,01,001,2026-09-10_11h19.15.247,AdaptiveStarecase,,2026.2.3,59.96670634282191,2026-09-10 11h19.15.407565 +0530,
68,0.5,1,80.8204583004117,,,,,,,,,,80.80469259992242,80.8204583004117,81.30392520036548,81.30392520036548,81.30392520036548,81.73781610000879,right,1,1,1,0.4275512006133795,,,,,01,001,2026-09-10_11h19.15.247,AdaptiveStarecase,,2026.2.3,59.96670634282191,2026-09-10 11h19.15.407565 +0530,
69,0.5,1,81.75404880009592,,,,,,,,,,81.73799990024418,81.75404880009592,82.23706370033324,82.23706370033324,82.23706370033324,83.0207451004535,right,1,1,1,0.7762112002819777,,,,,01,001,2026-09-10_11h19.15.247,AdaptiveStarecase,,2026.2.3,59.96670634282191,2026-09-10 11h19.15.407565 +0530,
70,0.5,1,83.03697470016778,,,,,,,,,,83.0209002001211,83.03697470016778,83.52037500031292,83.52037500031292,83.52037500031292,84.03717179968953,left,-1,1,1,0.513786400668323,,,,,01,001,2026-09-10_11h19.15.247,AdaptiveStarecase,,2026.2.3,59.96670634282191,2026-09-10 11h19.15.407565 +0530,
71,0.5,1,84.05346809979528,,,,,,,,,,84.03730870038271,84.05346809979528,84.53693830035627,84.53693830035627,84.53693830035627,85.00453240051866,right,1,1,1,0.4531335001811385,,,,,01,001,2026-09-10_11h19.15.247,AdaptiveStarecase,,2026.2.3,59.96670634282191,2026-09-10 11h19.15.407565 +0530,
72,0.5,1,85.02041160035878,,,,,,,,,,85.00478160008788,85.02041160035878,85.52030569966882,85.52030569966882,85.52030569966882,86.0538191003725,left,-1,0,0,0.5207168003544211,,,,,01,001,2026-09-10_11h19.15.247,AdaptiveStarecase,,2026.2.3,59.96670634282191,2026-09-10 11h19.15.407565 +0530,
73,0.5,1.5,86.07015040051192,,,,,,,,,,86.05398439988494,86.07015040051192,86.5534063000232,86.5534063000232,86.5534063000232,87.47056800033897,left,-1.5,1,1,0.9146002000197768,,,,,01,001,2026-09-10_11h19.15.247,AdaptiveStarecase,,2026.2.3,59.96670634282191,2026-09-10 11h19.15.407565 +0530,
74,0.5,1.5,87.48678210005164,,,,,,,,,,87.47072049975395,87.48678210005164,87.9701511003077,87.9701511003077,87.9701511003077,88.57039619982243,left,-1.5,1,1,0.5940236002206802,,,,,01,001,2026-09-10_11h19.15.247,AdaptiveStarecase,,2026.2.3,59.96670634282191,2026-09-10 11h19.15.407565 +0530,
75,0.5,1.5,88.58680419996381,,,,,,,,,,88.57055730000138,88.58680419996381,89.07023230008781,89.07023230008781,89.07023230008781,89.9038041997701,left,-1.5,1,1,0.8265375001356006,,,,,01,001,2026-09-10_11h19.15.247,AdaptiveStarecase,,2026.2.3,59.96670634282191,2026-09-10 11h19.15.407565 +0530,
76,0.5,1.0,89.92012970056385,,,,,,,,,,89.9040093999356,89.92012970056385,90.40356040000916,90.40356040000916,90.40356040000916,90.8036695998162,left,-1.0,1,1,0.39815570041537285,,,,,01,001,2026-09-10_11h19.15.247,AdaptiveStarecase,,2026.2.3,59.96670634282191,2026-09-10 11h19.15.407565 +0530,
77,0.5,1.0,90.82012309972197,,,,,,,,,,90.80384809989482,90.82012309972197,91.30331419967115,91.30331419967115,91.30331419967115,91.920051000081,right,1.0,1,1,0.610003899782896,,,,,01,001,2026-09-10_11h19.15.247,AdaptiveStarecase,,2026.2.3,59.96670634282191,2026-09-10 11h19.15.407565 +0530,
78,0.5,1.0,91.93654020037502,,,,,,,,,,91.92017250042409,91.93654020037502,92.41989120002836,92.41989120002836,92.41989120002836,93.32046939991415,left,-1.0,0,0,0.8908487008884549,,,,,01,001,2026-09-10_11h19.15.247,AdaptiveStarecase,,2026.2.3,59.96670634282191,2026-09-10 11h19.15.407565 +0530,
79,0.5,1.5,93.33648320008069,,,,,,,,,,93.32063390035182,93.33648320008069,93.81984900031239,93.81984900031239,93.81984900031239,94.43679310008883,left,-1.5,1,1,0.6075593000277877,,,,,01,001,2026-09-10_11h19.15.247,AdaptiveStarecase,,2026.2.3,59.96670634282191,2026-09-10 11h19.15.407565 +0530,
80,0.5,1.5,94.45315030030906,,,,,,,,,,94.43693360034376,94.45315030030906,94.93640000000596,94.93640000000596,94.93640000000596,95.45371429994702,right,1.5,1,1,0.5112565997987986,,,,,01,001,2026-09-10_11h19.15.247,AdaptiveStarecase,,2026.2.3,59.96670634282191,2026-09-10 11h19.15.407565 +0530,
81,0.5,1.5,95.46993019990623,,,,,,,,,,95.4539640005678,95.46993019990623,95.95310400053859,95.95310400053859,95.95310400053859,97.67024269979447,left,-1.5,1,1,1.707510699518025,,,,,01,001,2026-09-10_11h19.15.247,AdaptiveStarecase,,2026.2.3,59.96670634282191,2026-09-10 11h19.15.407565 +0530,
82,0.5,1.0,97.6863032002002,,,,,,,,,,97.67043770011514,97.6863032002002,98.16956730000675,98.16956730000675,98.16956730000675,98.68670330010355,right,1.0,1,1,0.5058682002127171,,,,,01,001,2026-09-10_11h19.15.247,AdaptiveStarecase,,2026.2.3,59.96670634282191,2026-09-10 11h19.15.407565 +0530,
83,0.5,1.0,98.7028943002224,,,,,,,,,,98.68695000000298,98.7028943002224,99.18629350047559,99.18629350047559,99.18629350047559,99.73632699996233,left,-1.0,1,1,0.5398470005020499,,,,,01,001,2026-09-10_11h19.15.247,AdaptiveStarecase,,2026.2.3,59.96670634282191,2026-09-10 11h19.15.407565 +0530,
84,0.5,1.0,99.75289359968156,,,,,,,,,,99.73648380022496,99.75289359968156,100.23621180001646,100.23621180001646,100.23621180001646,101.019988800399,right,1.0,1,1,0.7777516003698111,,,,,01,001,2026-09-10_11h19.15.247,AdaptiveStarecase,,2026.2.3,59.96670634282191,2026-09-10 11h19.15.407565 +0530,
85,0.5,1,101.03613920044154,,,,,,,,,,101.02026479970664,101.03613920044154,101.51958699990064,101.51958699990064,101.51958699990064,102.06979089975357,left,-1,1,1,0.5384900001809001,,,,,01,001,2026-09-10_11h19.15.247,AdaptiveStarecase,,2026.2.3,59.96670634282191,2026-09-10 11h19.15.407565 +0530,
86,0.5,1,102.08608369994909,,,,,,,,,,102.06995220016688,102.08608369994909,102.56940999999642,102.56940999999642,102.56940999999642,103.56974969990551,right,1,1,1,0.9982764003798366,,,,,01,001,2026-09-10_11h19.15.247,AdaptiveStarecase,,2026.2.3,59.96670634282191,2026-09-10 11h19.15.407565 +0530,
87,0.5,1,103.5859989002347,,,,,,,,,,103.56995240040123,103.5859989002347,104.06951060052961,104.06951060052961,104.06951060052961,104.702915600501,left,-1,1,1,0.630023100413382,,,,,01,001,2026-09-10_11h19.15.247,AdaptiveStarecase,,2026.2.3,59.96670634282191,2026-09-10 11h19.15.407565 +0530,
88,0.5,1,104.7193074002862,,,,,,,,,,104.70308339968324,104.7193074002862,105.2026615999639,105.2026615999639,105.2026615999639,105.80303660035133,right,1,1,1,0.5922122998163104,,,,,01,001,2026-09-10_11h19.15.247,AdaptiveStarecase,,2026.2.3,59.96670634282191,2026-09-10 11h19.15.407565 +0530,
89,0.5,1,105.81921039987355,,,,,,,,,,105.80319750029594,105.81921039987355,106.30267560016364,106.30267560016364,106.30267560016364,106.95282400026917,left,-1,1,1,0.6435300996527076,,,,,01,001,2026-09-10_11h19.15.247,AdaptiveStarecase,,2026.2.3,59.96670634282191,2026-09-10 11h19.15.407565 +0530,
90,0.5,1,106.96919259987772,,,,,,,,,,106.953079899773,106.96919259987772,107.452640700154,107.452640700154,107.452640700154,107.93620220012963,right,1,1,1,0.4796313000842929,,,,,01,001,2026-09-10_11h19.15.247,AdaptiveStarecase,,2026.2.3,59.96670634282191,2026-09-10 11h19.15.407565 +0530,
91,0.5,1,107.95243979990482,,,,,,,,,,107.93644350022078,107.95243979990482,108.43580230046064,108.43580230046064,108.43580230046064,109.75313210021704,left,-1,1,1,1.31120890006423,,,,,01,001,2026-09-10_11h19.15.247,AdaptiveStarecase,,2026.2.3,59.96670634282191,2026-09-10 11h19.15.407565 +0530,
92,0.5,1,109.7690034005791,,,,,,,,,,109.75332710053772,109.7690034005791,110.25228259991854,110.25228259991854,110.25228259991854,111.21947010047734,left,-1,1,1,0.9577147997915745,,,,,01,001,2026-09-10_11h19.15.247,AdaptiveStarecase,,2026.2.3,59.96670634282191,2026-09-10 11h19.15.407565 +0530,
93,0.5,1,111.2356574004516,,,,,,,,,,111.21965940017253,111.2356574004516,111.71899090055376,111.71899090055376,111.71899090055376,112.46909310016781,right,1,1,1,0.7429227000102401,,,,,01,001,2026-09-10_11h19.15.247,AdaptiveStarecase,,2026.2.3,59.96670634282191,2026-09-10 11h19.15.407565 +0530,
94,0.5,1,112.48560999985784,,,,,,,,,,112.46928690001369,112.48560999985784,112.96897639986128,112.96897639986128,112.96897639986128,113.55263230018318,right,1,1,1,0.57902089972049,,,,,01,001,2026-09-10_11h19.15.247,AdaptiveStarecase,,2026.2.3,59.96670634282191,2026-09-10 11h19.15.407565 +0530,
95,0.5,1,113.56889310013503,,,,,,,,,,113.55281590018421,113.56889310013503,114.05225700046867,114.05225700046867,114.05225700046867,114.70261080004275,right,1,1,1,0.6420944994315505,,,,,01,001,2026-09-10_11h19.15.247,AdaptiveStarecase,,2026.2.3,59.96670634282191,2026-09-10 11h19.15.407565 +0530,
96,0.5,1,114.71866159979254,,,,,,,,,,114.70279289968312,114.71866159979254,115.20220439974219,115.20220439974219,115.20220439974219,115.66914859972894,right,1,1,1,0.4529307996854186,,,,,01,001,2026-09-10_11h19.15.247,AdaptiveStarecase,,2026.2.3,59.96670634282191,2026-09-10 11h19.15.407565 +0530,
97,0.5,1,115.68550879973918,,,,,,,,,,115.66931810043752,115.68550879973918,116.16863470058888,116.16863470058888,116.16863470058888,116.73569880053401,left,-1,1,1,0.5519122993573546,,,,,01,001,2026-09-10_11h19.15.247,AdaptiveStarecase,,2026.2.3,59.96670634282191,2026-09-10 11h19.15.407565 +0530,
98,0.5,1,116.75213900022209,,,,,,,,,,116.73588120006025,116.75213900022209,117.23547870013863,117.23547870013863,117.23547870013863,117.85232220031321,left,-1,1,1,0.6012738002464175,,,,,01,001,2026-09-10_11h19.15.247,AdaptiveStarecase,,2026.2.3,59.96670634282191,2026-09-10 11h19.15.407565 +0530,
99,0.5,1,117.86859390046448,,,,,,,,,,117.85243640001863,117.86859390046448,118.35210500005633,118.35210500005633,118.35210500005633,118.86885620001704,left,-1,1,1,0.505906100384891,,,,,01,001,2026-09-10_11h19.15.247,AdaptiveStarecase,,2026.2.3,59.96670634282191,2026-09-10 11h19.15.407565 +0530,
,,,,,,,,,,,,,,,,,,,,,,,,118.86895880009979,118.88526810053736,120.88520810008049,120.86875339969993,01,001,2026-09-10_11h19.15.247,AdaptiveStarecase,,2026.2.3,59.96670634282191,2026-09-10 11h19.15.407565 +0530,
