thisN,thisTrialN,thisRepN,key_resp.keys,key_resp.corr,key_resp.rt,key_resp.duration,tilt,trials.thisRepN,trials.thisTrialN,trials.thisN,trials.thisIndex,thisRow.t,notes,piloting,trial.started,Fixation.started,Fixation.stopped,key_resp.started,trial.stopped,trials.key_resp.keys,trials.key_resp.corr,trials.key_resp.rt,trials.key_resp.duration,trials.tilt,participant,session,date,expName,expVersion,psychopyVersion,frameRate,expStart
0,0,0,up,0,14.4413537,None,-3,0,0,0,0,0.0074302,,FALSE,0.0023019,0.0074302,1.01308,1.01308,15.4590692,up,0,14.4413537,None,-3,M1,1,2026-09-11_11h27.12.431,signaldetection,,2026.2.3,59.98454797,2026-09-11 11h27.12.491510 +0530
1,0,1,up,1,1.3296577,None,0,1,0,1,0,15.4752743,,,15.4594955,15.4752743,16.4585939,16.4585939,17.7919491,up,1,1.3296577,None,0,M1,1,2026-09-11_11h27.12.431,signaldetection,,2026.2.3,59.98454797,2026-09-11 11h27.12.491510 +0530
2,0,2,down,1,1.6167124,None,4,2,0,2,0,17.8084284,,,17.7921236,17.8084284,18.7917546,18.7917546,20.4253524,down,1,1.6167124,None,4,M1,1,2026-09-11_11h27.12.431,signaldetection,,2026.2.3,59.98454797,2026-09-11 11h27.12.491510 +0530
3,0,3,up,1,0.763863401,None,0,3,0,3,0,20.4415435,,,20.4255585,20.4415435,21.4249418,21.4249418,22.1919337,up,1,0.763863401,None,0,M1,1,2026-09-11_11h27.12.431,signaldetection,,2026.2.3,59.98454797,2026-09-11 11h27.12.491510 +0530
4,0,4,up,0,1.210360399,None,0,4,0,4,0,22.2083016,,,22.1922081,22.2083016,23.1915297,23.1915297,24.4083497,up,0,1.210360399,None,0,M1,1,2026-09-11_11h27.12.431,signaldetection,,2026.2.3,59.98454797,2026-09-11 11h27.12.491510 +0530
5,0,5,down,1,1.1721776,None,-2,5,0,5,0,24.4248738,,,24.4085359,24.4248738,25.4080519,25.4080519,26.5915573,down,1,1.1721776,None,-2,M1,1,2026-09-11_11h27.12.431,signaldetection,,2026.2.3,59.98454797,2026-09-11 11h27.12.491510 +0530
6,0,6,down,1,0.9049001,None,-3,6,0,6,0,26.608196,,,26.5917375,26.608196,27.5913727,27.5913727,28.508234,down,1,0.9049001,None,-3,M1,1,2026-09-11_11h27.12.431,signaldetection,,2026.2.3,59.98454797,2026-09-11 11h27.12.491510 +0530
7,0,7,up,1,0.757786499,None,0,7,0,7,0,28.524558,,,28.508436,28.524558,29.5080414,29.5080414,30.2747344,up,1,0.757786499,None,0,M1,1,2026-09-11_11h27.12.431,signaldetection,,2026.2.3,59.98454797,2026-09-11 11h27.12.491510 +0530
8,0,8,up,0,1.692995099,None,-2,8,0,8,0,30.2911186,,,30.2749849,30.2911186,31.2745761,31.2745761,32.9745131,up,0,1.692995099,None,-2,M1,1,2026-09-11_11h27.12.431,signaldetection,,2026.2.3,59.98454797,2026-09-11 11h27.12.491510 +0530
9,0,9,up,0,0.8278933,None,-2,9,0,9,0,32.9909703,,,32.9747353,32.9909703,33.9742758,33.9742758,34.8079444,up,0,0.8278933,None,-2,M1,1,2026-09-11_11h27.12.431,signaldetection,,2026.2.3,59.98454797,2026-09-11 11h27.12.491510 +0530
10,0,10,up,1,0.835902,None,0,10,0,10,0,34.8242712,,,34.8081864,34.8242712,35.8077462,35.8077462,36.658039,up,1,0.835902,None,0,M1,1,2026-09-11_11h27.12.431,signaldetection,,2026.2.3,59.98454797,2026-09-11 11h27.12.491510 +0530
11,0,11,up,1,0.775939999,None,0,11,0,11,0,36.6742049,,,36.6582589,36.6742049,37.6575753,37.6575753,38.4411061,up,1,0.775939999,None,0,M1,1,2026-09-11_11h27.12.431,signaldetection,,2026.2.3,59.98454797,2026-09-11 11h27.12.491510 +0530
12,0,12,up,1,0.7228582,None,0,12,0,12,0,38.4574689,,,38.4413082,38.4574689,39.440853,39.440853,40.1743489,up,1,0.7228582,None,0,M1,1,2026-09-11_11h27.12.431,signaldetection,,2026.2.3,59.98454797,2026-09-11 11h27.12.491510 +0530
13,0,13,up,0,0.8550445,None,0,13,0,13,0,40.1906262,,,40.1746377,40.1906262,41.1740892,41.1740892,42.0409444,up,0,0.8550445,None,0,M1,1,2026-09-11_11h27.12.431,signaldetection,,2026.2.3,59.98454797,2026-09-11 11h27.12.491510 +0530
14,0,14,up,1,0.754195699,None,0,14,0,14,0,42.0572978,,,42.0410946,42.0572978,43.0405998,43.0405998,43.8076099,up,1,0.754195699,None,0,M1,1,2026-09-11_11h27.12.431,signaldetection,,2026.2.3,59.98454797,2026-09-11 11h27.12.491510 +0530
15,0,15,down,1,0.8890269,None,4,15,0,15,0,43.8238664,,,43.8079317,43.8238664,44.8071614,44.8071614,45.7072384,down,1,0.8890269,None,4,M1,1,2026-09-11_11h27.12.431,signaldetection,,2026.2.3,59.98454797,2026-09-11 11h27.12.491510 +0530
16,0,16,down,1,0.8501218,None,-5,16,0,16,0,45.7238208,,,45.7074631,45.7238208,46.7071604,46.7071604,47.5585943,down,1,0.8501218,None,-5,M1,1,2026-09-11_11h27.12.431,signaldetection,,2026.2.3,59.98454797,2026-09-11 11h27.12.491510 +0530
17,0,17,down,1,0.697197701,None,3,17,0,17,0,47.5746953,,,47.559022,47.5746953,48.5736896,48.5736896,49.2736429,down,1,0.697197701,None,3,M1,1,2026-09-11_11h27.12.431,signaldetection,,2026.2.3,59.98454797,2026-09-11 11h27.12.491510 +0530
18,0,18,up,1,0.8129362,None,0,18,0,18,0,49.2902051,,,49.2738452,49.2902051,50.2735706,50.2735706,51.0902947,up,1,0.8129362,None,0,M1,1,2026-09-11_11h27.12.431,signaldetection,,2026.2.3,59.98454797,2026-09-11 11h27.12.491510 +0530
19,0,19,down,1,0.9174465,None,-3,19,0,19,0,51.1069408,,,51.0905688,51.1069408,52.0901349,52.0901349,53.0238223,down,1,0.9174465,None,-3,M1,1,2026-09-11_11h27.12.431,signaldetection,,2026.2.3,59.98454797,2026-09-11 11h27.12.491510 +0530
20,0,20,up,0,0.719703499,None,0,20,0,20,0,53.0399745,,,53.0240691,53.0399745,54.0237442,54.0237442,54.7568444,up,0,0.719703499,None,0,M1,1,2026-09-11_11h27.12.431,signaldetection,,2026.2.3,59.98454797,2026-09-11 11h27.12.491510 +0530
21,0,21,down,1,0.7362837,None,4,21,0,21,0,54.7732804,,,54.7570681,54.7732804,55.7566787,55.7566787,56.5069026,down,1,0.7362837,None,4,M1,1,2026-09-11_11h27.12.431,signaldetection,,2026.2.3,59.98454797,2026-09-11 11h27.12.491510 +0530
22,0,22,up,1,0.6566068,None,0,22,0,22,0,56.5232188,,,56.5070803,56.5232188,57.5066396,57.5066396,58.173289,up,1,0.6566068,None,0,M1,1,2026-09-11_11h27.12.431,signaldetection,,2026.2.3,59.98454797,2026-09-11 11h27.12.491510 +0530
23,0,23,up,1,0.6641094,None,0,23,0,23,0,58.1897648,,,58.1734994,58.1897648,59.1732166,59.1732166,59.8401059,up,1,0.6641094,None,0,M1,1,2026-09-11_11h27.12.431,signaldetection,,2026.2.3,59.98454797,2026-09-11 11h27.12.491510 +0530
24,0,24,down,0,0.8080785,None,0,24,0,24,0,59.8565423,,,59.8404645,59.8565423,60.8396928,60.8396928,61.6567925,down,0,0.8080785,None,0,M1,1,2026-09-11_11h27.12.431,signaldetection,,2026.2.3,59.98454797,2026-09-11 11h27.12.491510 +0530
25,0,25,up,0,0.6006237,None,1,25,0,25,0,61.6732012,,,61.6571915,61.6732012,62.6564203,62.6564203,63.273409,up,0,0.6006237,None,1,M1,1,2026-09-11_11h27.12.431,signaldetection,,2026.2.3,59.98454797,2026-09-11 11h27.12.491510 +0530
26,0,26,up,1,0.4174587,None,0,26,0,26,0,63.289629,,,63.2736212,63.289629,64.2728881,64.2728881,64.7063658,up,1,0.4174587,None,0,M1,1,2026-09-11_11h27.12.431,signaldetection,,2026.2.3,59.98454797,2026-09-11 11h27.12.491510 +0530
27,0,27,up,1,0.669207701,None,0,27,0,27,0,64.7227222,,,64.7065685,64.7227222,65.7061101,65.7061101,66.3896219,up,1,0.669207701,None,0,M1,1,2026-09-11_11h27.12.431,signaldetection,,2026.2.3,59.98454797,2026-09-11 11h27.12.491510 +0530
28,0,28,down,1,0.6203254,None,4,28,0,28,0,66.4060188,,,66.3898782,66.4060188,67.3893907,67.3893907,68.0229951,down,1,0.6203254,None,4,M1,1,2026-09-11_11h27.12.431,signaldetection,,2026.2.3,59.98454797,2026-09-11 11h27.12.491510 +0530
29,0,29,up,0,0.566733199,None,2,29,0,29,0,68.0393109,,,68.0233347,68.0393109,69.0227534,69.0227534,69.6064178,up,0,0.566733199,None,2,M1,1,2026-09-11_11h27.12.431,signaldetection,,2026.2.3,59.98454797,2026-09-11 11h27.12.491510 +0530
30,0,30,down,1,0.783051,None,4,30,0,30,0,69.6229314,,,69.6067095,69.6229314,70.6060963,70.6060963,71.4063473,down,1,0.783051,None,4,M1,1,2026-09-11_11h27.12.431,signaldetection,,2026.2.3,59.98454797,2026-09-11 11h27.12.491510 +0530
31,0,31,down,1,0.703154701,None,3,31,0,31,0,71.4226512,,,71.4066434,71.4226512,72.4057757,72.4057757,73.1231968,down,1,0.703154701,None,3,M1,1,2026-09-11_11h27.12.431,signaldetection,,2026.2.3,59.98454797,2026-09-11 11h27.12.491510 +0530
32,0,32,up,0,0.7466066,None,-5,32,0,32,0,73.139314,,,73.1235103,73.139314,74.1226908,74.1226908,74.8725382,up,0,0.7466066,None,-5,M1,1,2026-09-11_11h27.12.431,signaldetection,,2026.2.3,59.98454797,2026-09-11 11h27.12.491510 +0530
33,0,33,down,0,0.7720237,None,0,33,0,33,0,74.889074,,,74.8727623,74.889074,75.8724626,75.8724626,76.6560042,down,0,0.7720237,None,0,M1,1,2026-09-11_11h27.12.431,signaldetection,,2026.2.3,59.98454797,2026-09-11 11h27.12.491510 +0530
34,0,34,down,0,0.7440972,None,0,34,0,34,0,76.6726282,,,76.6562664,76.6726282,77.6556528,77.6556528,78.4059864,down,0,0.7440972,None,0,M1,1,2026-09-11_11h27.12.431,signaldetection,,2026.2.3,59.98454797,2026-09-11 11h27.12.491510 +0530
35,0,35,down,0,0.684524899,None,0,35,0,35,0,78.4222076,,,78.4062686,78.4222076,79.4055889,79.4055889,80.1058099,down,0,0.684524899,None,0,M1,1,2026-09-11_11h27.12.431,signaldetection,,2026.2.3,59.98454797,2026-09-11 11h27.12.491510 +0530
36,0,36,down,1,0.5680964,None,-1,36,0,36,0,80.1220741,,,80.1060084,80.1220741,81.1054181,81.1054181,81.6890462,down,1,0.5680964,None,-1,M1,1,2026-09-11_11h27.12.431,signaldetection,,2026.2.3,59.98454797,2026-09-11 11h27.12.491510 +0530
37,0,37,down,1,0.6698463,None,-2,37,0,37,0,81.7054092,,,81.6893235,81.7054092,82.6885862,82.6885862,83.3722106,down,1,0.6698463,None,-2,M1,1,2026-09-11_11h27.12.431,signaldetection,,2026.2.3,59.98454797,2026-09-11 11h27.12.491510 +0530
38,0,38,down,1,0.4952051,None,3,38,0,38,0,83.3885084,,,83.3724404,83.3885084,84.3719127,84.3719127,84.8723578,down,1,0.4952051,None,3,M1,1,2026-09-11_11h27.12.431,signaldetection,,2026.2.3,59.98454797,2026-09-11 11h27.12.491510 +0530
39,0,39,down,0,0.584082101,None,0,39,0,39,0,84.8884313,,,84.8727056,84.8884313,85.8719618,85.8719618,86.4721725,down,0,0.584082101,None,0,M1,1,2026-09-11_11h27.12.431,signaldetection,,2026.2.3,59.98454797,2026-09-11 11h27.12.491510 +0530
40,0,40,down,0,0.458481,None,0,40,0,40,0,86.4883168,,,86.4723884,86.4883168,87.4718665,87.4718665,87.9385512,down,0,0.458481,None,0,M1,1,2026-09-11_11h27.12.431,signaldetection,,2026.2.3,59.98454797,2026-09-11 11h27.12.491510 +0530
41,0,41,down,1,0.4146266,None,-1,41,0,41,0,87.955006,,,87.9388465,87.955006,88.9383699,88.9383699,89.3552141,down,1,0.4146266,None,-1,M1,1,2026-09-11_11h27.12.431,signaldetection,,2026.2.3,59.98454797,2026-09-11 11h27.12.491510 +0530
42,0,42,up,0,0.3813636,None,0,42,0,42,0,89.3716235,,,89.3555351,89.3716235,90.3550356,90.3550356,90.7386453,up,0,0.3813636,None,0,M1,1,2026-09-11_11h27.12.431,signaldetection,,2026.2.3,59.98454797,2026-09-11 11h27.12.491510 +0530
43,0,43,down,1,0.586911701,None,-3,43,0,43,0,90.7549276,,,90.7389232,90.7549276,91.7381398,91.7381398,92.338417,down,1,0.586911701,None,-3,M1,1,2026-09-11_11h27.12.431,signaldetection,,2026.2.3,59.98454797,2026-09-11 11h27.12.491510 +0530
44,0,44,down,1,0.450483601,None,1,44,0,44,0,92.3548278,,,92.3386313,92.3548278,93.3380199,93.3380199,93.8051152,down,1,0.450483601,None,1,M1,1,2026-09-11_11h27.12.431,signaldetection,,2026.2.3,59.98454797,2026-09-11 11h27.12.491510 +0530
45,0,45,up,1,0.658726299,None,0,45,0,45,0,93.8213374,,,93.8053389,93.8213374,94.8047768,94.8047768,95.4717143,up,1,0.658726299,None,0,M1,1,2026-09-11_11h27.12.431,signaldetection,,2026.2.3,59.98454797,2026-09-11 11h27.12.491510 +0530
46,0,46,up,1,0.8129699,None,0,46,0,46,0,95.4879473,,,95.4719753,95.4879473,96.4712404,96.4712404,97.28798,up,1,0.8129699,None,0,M1,1,2026-09-11_11h27.12.431,signaldetection,,2026.2.3,59.98454797,2026-09-11 11h27.12.491510 +0530
47,0,47,up,1,0.7606682,None,0,47,0,47,0,97.3045302,,,97.2881834,97.3045302,98.287948,98.287948,99.0547922,up,1,0.7606682,None,0,M1,1,2026-09-11_11h27.12.431,signaldetection,,2026.2.3,59.98454797,2026-09-11 11h27.12.491510 +0530
48,0,48,down,1,0.915124999,None,-5,48,0,48,0,99.0711572,,,99.0549814,99.0711572,100.0544481,100.0544481,100.9715054,down,1,0.915124999,None,-5,M1,1,2026-09-11_11h27.12.431,signaldetection,,2026.2.3,59.98454797,2026-09-11 11h27.12.491510 +0530
49,0,49,up,1,0.9746717,None,0,49,0,49,0,100.9876416,,,100.9717148,100.9876416,101.9714193,101.9714193,102.9546071,up,1,0.9746717,None,0,M1,1,2026-09-11_11h27.12.431,signaldetection,,2026.2.3,59.98454797,2026-09-11 11h27.12.491510 +0530
50,0,50,up,1,0.852181599,None,0,50,0,50,0,102.9711404,,,102.9548363,102.9711404,103.9542966,103.9542966,104.8214769,up,1,0.852181599,None,0,M1,1,2026-09-11_11h27.12.431,signaldetection,,2026.2.3,59.98454797,2026-09-11 11h27.12.491510 +0530
51,0,51,down,1,0.8712469,None,-1,51,0,51,0,104.8374999,,,104.8218443,104.8374999,105.8210677,105.8210677,106.7044065,down,1,0.8712469,None,-1,M1,1,2026-09-11_11h27.12.431,signaldetection,,2026.2.3,59.98454797,2026-09-11 11h27.12.491510 +0530
52,0,52,down,0,1.0043623,None,0,52,0,52,0,106.720762,,,106.7046469,106.720762,107.7041843,107.7041843,108.7212322,down,0,1.0043623,None,0,M1,1,2026-09-11_11h27.12.431,signaldetection,,2026.2.3,59.98454797,2026-09-11 11h27.12.491510 +0530
53,0,53,down,0,0.793672401,None,0,53,0,53,0,108.737606,,,108.7214616,108.737606,109.7206708,109.7206708,110.52092,down,0,0.793672401,None,0,M1,1,2026-09-11_11h27.12.431,signaldetection,,2026.2.3,59.98454797,2026-09-11 11h27.12.491510 +0530
54,0,54,up,1,1.805340501,None,0,54,0,54,0,110.5371963,,,110.5210878,110.5371963,111.5206539,111.5206539,113.3374906,up,1,1.805340501,None,0,M1,1,2026-09-11_11h27.12.431,signaldetection,,2026.2.3,59.98454797,2026-09-11 11h27.12.491510 +0530
55,0,55,down,1,0.9600966,None,2,55,0,55,0,113.353724,,,113.3377171,113.353724,114.3370368,114.3370368,115.3039651,down,1,0.9600966,None,2,M1,1,2026-09-11_11h27.12.431,signaldetection,,2026.2.3,59.98454797,2026-09-11 11h27.12.491510 +0530
56,0,56,down,0,0.8232314,None,0,56,0,56,0,115.3204401,,,115.3041974,115.3204401,116.3036226,116.3036226,117.1371634,down,0,0.8232314,None,0,M1,1,2026-09-11_11h27.12.431,signaldetection,,2026.2.3,59.98454797,2026-09-11 11h27.12.491510 +0530
57,0,57,down,1,1.0497908,None,0,57,0,57,0,117.1535492,,,117.1373896,117.1535492,118.1369045,118.1369045,119.2038598,down,1,1.0497908,None,0,M1,1,2026-09-11_11h27.12.431,signaldetection,,2026.2.3,59.98454797,2026-09-11 11h27.12.491510 +0530
58,0,58,down,1,0.9272724,None,-1,58,0,58,0,119.2201795,,,119.2042375,119.2201795,120.2035511,120.2035511,121.1372697,down,1,0.9272724,None,-1,M1,1,2026-09-11_11h27.12.431,signaldetection,,2026.2.3,59.98454797,2026-09-11 11h27.12.491510 +0530
59,0,59,down,1,0.819046699,None,-1,59,0,59,0,121.153655,,,121.1376153,121.153655,122.1366389,122.1366389,122.9703487,down,1,0.819046699,None,-1,M1,1,2026-09-11_11h27.12.431,signaldetection,,2026.2.3,59.98454797,2026-09-11 11h27.12.491510 +0530
60,0,60,down,1,0.9974102,None,1,60,0,60,0,122.9866881,,,122.9706097,122.9866881,123.9699086,123.9699086,124.9702048,down,1,0.9974102,None,1,M1,1,2026-09-11_11h27.12.431,signaldetection,,2026.2.3,59.98454797,2026-09-11 11h27.12.491510 +0530
61,0,61,down,1,0.908235899,None,-3,61,0,61,0,124.986506,,,124.9704307,124.986506,125.9698868,125.9698868,126.8866145,down,1,0.908235899,None,-3,M1,1,2026-09-11_11h27.12.431,signaldetection,,2026.2.3,59.98454797,2026-09-11 11h27.12.491510 +0530
62,0,62,down,0,0.8724857,None,0,62,0,62,0,126.9031081,,,126.886815,126.9031081,127.886477,127.886477,128.7703714,down,0,0.8724857,None,0,M1,1,2026-09-11_11h27.12.431,signaldetection,,2026.2.3,59.98454797,2026-09-11 11h27.12.491510 +0530
63,0,63,down,0,1.1215823,None,0,63,0,63,0,128.7863512,,,128.7708323,128.7863512,129.7696846,129.7696846,130.9032235,down,0,1.1215823,None,0,M1,1,2026-09-11_11h27.12.431,signaldetection,,2026.2.3,59.98454797,2026-09-11 11h27.12.491510 +0530
64,0,64,up,0,1.140491299,None,1,64,0,64,0,130.919631,,,130.9034519,130.919631,131.9029898,131.9029898,133.053143,up,0,1.140491299,None,1,M1,1,2026-09-11_11h27.12.431,signaldetection,,2026.2.3,59.98454797,2026-09-11 11h27.12.491510 +0530
65,0,65,down,1,0.8713794,None,-5,65,0,65,0,133.0695449,,,133.0534247,133.0695449,134.0527255,134.0527255,134.9362388,down,1,0.8713794,None,-5,M1,1,2026-09-11_11h27.12.431,signaldetection,,2026.2.3,59.98454797,2026-09-11 11h27.12.491510 +0530
66,0,66,down,1,0.7179914,None,-4,66,0,66,0,134.9527567,,,134.9364915,134.9527567,135.9359373,135.9359373,136.6694186,down,1,0.7179914,None,-4,M1,1,2026-09-11_11h27.12.431,signaldetection,,2026.2.3,59.98454797,2026-09-11 11h27.12.491510 +0530
67,0,67,up,1,0.7900488,None,0,67,0,67,0,136.6859079,,,136.6696163,136.6859079,137.6691138,137.6691138,138.4695523,up,1,0.7900488,None,0,M1,1,2026-09-11_11h27.12.431,signaldetection,,2026.2.3,59.98454797,2026-09-11 11h27.12.491510 +0530
68,0,68,up,1,0.7504747,None,0,68,0,68,0,138.4857002,,,138.4697815,138.4857002,139.4693118,139.4693118,140.2363771,up,1,0.7504747,None,0,M1,1,2026-09-11_11h27.12.431,signaldetection,,2026.2.3,59.98454797,2026-09-11 11h27.12.491510 +0530
69,0,69,up,1,0.794385,None,0,69,0,69,0,140.2524602,,,140.2365756,140.2524602,141.2357706,141.2357706,142.0359438,up,1,0.794385,None,0,M1,1,2026-09-11_11h27.12.431,signaldetection,,2026.2.3,59.98454797,2026-09-11 11h27.12.491510 +0530
70,0,70,up,0,1.136241701,None,-1,70,0,70,0,142.0523902,,,142.0362685,142.0523902,143.0355261,143.0355261,144.185909,up,0,1.136241701,None,-1,M1,1,2026-09-11_11h27.12.431,signaldetection,,2026.2.3,59.98454797,2026-09-11 11h27.12.491510 +0530
71,0,71,down,1,0.701026999,None,-1,71,0,71,0,144.2024251,,,144.1861898,144.2024251,145.1855611,145.1855611,145.9025224,down,1,0.701026999,None,-1,M1,1,2026-09-11_11h27.12.431,signaldetection,,2026.2.3,59.98454797,2026-09-11 11h27.12.491510 +0530
72,0,72,down,1,0.6137644,None,3,72,0,72,0,145.9188465,,,145.9027485,145.9188465,146.9022997,146.9022997,147.5189608,down,1,0.6137644,None,3,M1,1,2026-09-11_11h27.12.431,signaldetection,,2026.2.3,59.98454797,2026-09-11 11h27.12.491510 +0530
73,0,73,down,0,0.6164803,None,0,73,0,73,0,147.5354242,,,147.5191695,147.5354242,148.5188667,148.5188667,149.1525758,down,0,0.6164803,None,0,M1,1,2026-09-11_11h27.12.431,signaldetection,,2026.2.3,59.98454797,2026-09-11 11h27.12.491510 +0530
74,0,74,up,0,0.789008,None,-1,74,0,74,0,149.1689242,,,149.1528024,149.1689242,150.1520718,150.1520718,150.9521449,up,0,0.789008,None,-1,M1,1,2026-09-11_11h27.12.431,signaldetection,,2026.2.3,59.98454797,2026-09-11 11h27.12.491510 +0530
75,0,75,down,1,0.919772,None,-2,75,0,75,0,150.9685077,,,150.9524037,150.9685077,151.9519667,151.9519667,152.8854039,down,1,0.919772,None,-2,M1,1,2026-09-11_11h27.12.431,signaldetection,,2026.2.3,59.98454797,2026-09-11 11h27.12.491510 +0530
76,0,76,down,1,0.6364308,None,1,76,0,76,0,152.9018846,,,152.8856491,152.9018846,153.8853115,153.8853115,154.5353042,down,1,0.6364308,None,1,M1,1,2026-09-11_11h27.12.431,signaldetection,,2026.2.3,59.98454797,2026-09-11 11h27.12.491510 +0530
77,0,77,up,1,1.0127962,None,0,77,0,77,0,154.551822,,,154.5355863,154.551822,155.5349825,155.5349825,156.5519548,up,1,1.0127962,None,0,M1,1,2026-09-11_11h27.12.431,signaldetection,,2026.2.3,59.98454797,2026-09-11 11h27.12.491510 +0530
78,0,78,down,1,0.7159495,None,-3,78,0,78,0,156.5683254,,,156.5522243,156.5683254,157.5516888,157.5516888,158.2690452,down,1,0.7159495,None,-3,M1,1,2026-09-11_11h27.12.431,signaldetection,,2026.2.3,59.98454797,2026-09-11 11h27.12.491510 +0530
79,0,79,up,1,0.9303439,None,0,79,0,79,0,158.2847636,,,158.2693107,158.2847636,159.2682647,159.2682647,160.2015767,up,1,0.9303439,None,0,M1,1,2026-09-11_11h27.12.431,signaldetection,,2026.2.3,59.98454797,2026-09-11 11h27.12.491510 +0530
80,0,80,up,1,0.764188,None,0,80,0,80,0,160.218134,,,160.2017837,160.218134,161.2015044,161.2015044,161.9682305,up,1,0.764188,None,0,M1,1,2026-09-11_11h27.12.431,signaldetection,,2026.2.3,59.98454797,2026-09-11 11h27.12.491510 +0530
81,0,81,up,1,0.7505983,None,0,81,0,81,0,161.984599,,,161.9684583,161.984599,162.9681165,162.9681165,163.7347551,up,1,0.7505983,None,0,M1,1,2026-09-11_11h27.12.431,signaldetection,,2026.2.3,59.98454797,2026-09-11 11h27.12.491510 +0530
82,0,82,down,1,1.5341251,None,3,82,0,82,0,163.7512099,,,163.7349414,163.7512099,164.7345624,164.7345624,166.28485,down,1,1.5341251,None,3,M1,1,2026-09-11_11h27.12.431,signaldetection,,2026.2.3,59.98454797,2026-09-11 11h27.12.491510 +0530
83,0,83,up,0,0.8594491,None,0,83,0,83,0,166.3012269,,,166.2851167,166.3012269,167.2844649,167.2844649,168.151392,up,0,0.8594491,None,0,M1,1,2026-09-11_11h27.12.431,signaldetection,,2026.2.3,59.98454797,2026-09-11 11h27.12.491510 +0530
84,0,84,down,1,3.9512159,None,3,84,0,84,0,168.1677891,,,168.1516253,168.1677891,169.1511186,169.1511186,173.1177714,down,1,3.9512159,None,3,M1,1,2026-09-11_11h27.12.431,signaldetection,,2026.2.3,59.98454797,2026-09-11 11h27.12.491510 +0530
85,0,85,up,1,1.2779713,None,0,85,0,85,0,173.1340684,,,173.117985,173.1340684,174.1174683,174.1174683,175.4009448,up,1,1.2779713,None,0,M1,1,2026-09-11_11h27.12.431,signaldetection,,2026.2.3,59.98454797,2026-09-11 11h27.12.491510 +0530
86,0,86,down,0,4.5008014,None,0,86,0,86,0,175.417449,,,175.4011615,175.417449,176.4007633,176.4007633,180.9176833,down,0,4.5008014,None,0,M1,1,2026-09-11_11h27.12.431,signaldetection,,2026.2.3,59.98454797,2026-09-11 11h27.12.491510 +0530
87,0,87,down,1,0.8204042,None,-4,87,0,87,0,180.9338468,,,180.9179505,180.9338468,181.9171364,181.9171364,182.7508825,down,1,0.8204042,None,-4,M1,1,2026-09-11_11h27.12.431,signaldetection,,2026.2.3,59.98454797,2026-09-11 11h27.12.491510 +0530
88,0,88,down,0,1.0136925,None,0,88,0,88,0,182.7673123,,,182.7511118,182.7673123,183.7503597,183.7503597,184.7673227,down,0,1.0136925,None,0,M1,1,2026-09-11_11h27.12.431,signaldetection,,2026.2.3,59.98454797,2026-09-11 11h27.12.491510 +0530
89,0,89,down,1,1.0941519,None,-5,89,0,89,0,184.7836225,,,184.7676214,184.7836225,185.7668868,185.7668868,186.8671396,down,1,1.0941519,None,-5,M1,1,2026-09-11_11h27.12.431,signaldetection,,2026.2.3,59.98454797,2026-09-11 11h27.12.491510 +0530
90,0,90,up,0,1.3274425,None,1,90,0,90,0,186.8834418,,,186.8674508,186.8834418,187.86699,187.86699,189.2004438,up,0,1.3274425,None,1,M1,1,2026-09-11_11h27.12.431,signaldetection,,2026.2.3,59.98454797,2026-09-11 11h27.12.491510 +0530
91,0,91,down,1,0.9656948,None,-4,91,0,91,0,189.2167626,,,189.2007641,189.2167626,190.2001033,190.2001033,191.1667993,down,1,0.9656948,None,-4,M1,1,2026-09-11_11h27.12.431,signaldetection,,2026.2.3,59.98454797,2026-09-11 11h27.12.491510 +0530
92,0,92,up,1,0.8848043,None,0,92,0,92,0,191.1833011,,,191.1670376,191.1833011,192.1666338,192.1666338,193.0668345,up,1,0.8848043,None,0,M1,1,2026-09-11_11h27.12.431,signaldetection,,2026.2.3,59.98454797,2026-09-11 11h27.12.491510 +0530
93,0,93,up,1,1.0113675,None,0,93,0,93,0,193.0830815,,,193.0670392,193.0830815,194.066744,194.066744,195.083354,up,1,1.0113675,None,0,M1,1,2026-09-11_11h27.12.431,signaldetection,,2026.2.3,59.98454797,2026-09-11 11h27.12.491510 +0530
94,0,94,down,0,6.0702476,None,0,94,0,94,0,195.0997375,,,195.083533,195.0997375,196.0831128,196.0831128,202.1663418,down,0,6.0702476,None,0,M1,1,2026-09-11_11h27.12.431,signaldetection,,2026.2.3,59.98454797,2026-09-11 11h27.12.491510 +0530
95,0,95,up,0,1.572108899,None,1,95,0,95,0,202.18274,,,202.1666082,202.18274,203.1660951,203.1660951,204.7496284,up,0,1.572108899,None,1,M1,1,2026-09-11_11h27.12.431,signaldetection,,2026.2.3,59.98454797,2026-09-11 11h27.12.491510 +0530
96,0,96,down,1,0.8847876,None,-3,96,0,96,0,204.7659657,,,204.7499646,204.7659657,205.7493306,205.7493306,206.7311181,down,1,0.8847876,None,-3,M1,1,2026-09-11_11h27.12.431,signaldetection,,2026.2.3,59.98454797,2026-09-11 11h27.12.491510 +0530
97,0,97,down,1,0.8882691,None,4,97,0,97,0,206.7334365,,,206.7313923,206.7334365,207.7325889,207.7325889,208.6327284,down,1,0.8882691,None,4,M1,1,2026-09-11_11h27.12.431,signaldetection,,2026.2.3,59.98454797,2026-09-11 11h27.12.491510 +0530
98,0,98,up,0,0.9295825,None,-1,98,0,98,0,208.6492578,,,208.6329606,208.6492578,209.632417,209.632417,210.5658561,up,0,0.9295825,None,-1,M1,1,2026-09-11_11h27.12.431,signaldetection,,2026.2.3,59.98454797,2026-09-11 11h27.12.491510 +0530
99,0,99,up,0,0.8463792,None,0,99,0,99,0,210.5822459,,,210.5660483,210.5822459,211.5656928,211.5656928,212.4158174,up,0,0.8463792,None,0,M1,1,2026-09-11_11h27.12.431,signaldetection,,2026.2.3,59.98454797,2026-09-11 11h27.12.491510 +0530
